SNES Mario Circuit 1,2580D4
SNES Donut Plains 1,25B17C
SNES Ghost Valley 1,25E380
SNES Bowser Castle 1,260354
SNES Mario Circuit 2,262C1C
SNES Choco Island 1,264348
SNES Ghost Valley 2,266DE8
SNES Donut Plains 2,268338
SNES Bowser Castle 2,26A060
SNES Mario Circuit 3,26BA04
SNES Koopa Beach 1,26D33C
SNES Choco Island 2,26FD90
SNES Vanilla Lake 1,271634
SNES Bowser Castle 3,273C68
SNES Mario Circuit 4,2754F8
SNES Donut Plains 3,276E6C
SNES Koopa Beach 2,278C70
SNES Ghost Valley 3,27A6C4
SNES Vanilla Lake 2,27BCE0
SNES Rainbow Road,27D584
SNES Battle Course 1,27F510
SNES Battle Course 2,280580
SNES Battle Course 3,281624
SNES Battle Course 4,282C24
Peach Circuit,283D04
Shy Guy Beach,28A020
Sunset Wilds,29044C
Bowser Castle 1,29AADC
Luigi Circuit,29FC74
Riverside Park,2A6BE8
Yoshi Desert,2AE488
Bowser Castle 2,2B58E8
Mario Circuit,2B8FA8
Cheep-Cheep Island,2BF16C
Ribbon Road,2C4E3C
Bowser Castle 3,2CB3F4
Snow Land,2CECFC
Boo Lake,2D5F40
Cheese Land,2DBAB0
Rainbow Road,2E2940
Sky Garden,2E7D08
Broken Pier,2EE838
Bowser Castle 4,2F27B4
Lakeside Park,2F6A20
Battle Course???,2FD014
Battle Course???,2FE234
Battle Course???,2FF378
Battle Course???,300948
Test Track???,3017F8